{"cameraMode":{"drawMode":0,"name":"Shaded","section":"Shading Mode"},"sceneLighting":true,"audioPlay":false,"sceneViewState":{"m_AlwaysRefresh":false,"showFog":true,"showSkybox":true,"showFlares":true,"showImageEffects":true,"showParticleSystems":true,"showVisualEffectGraphs":true,"m_FxEnabled":true},"in2DMode":false,"pivot":{"x":265.6141662597656,"y":271.7173767089844,"z":-6.240875244140625},"rotation":{"x":-0.03138786181807518,"y":0.08236564695835114,"z":0.002595396712422371,"w":0.9961049556732178},"size":366.1249694824219,"orthographic":true}